id,expected_text,generated_text,inputs_pretokenized,response_code,exact_match,prefix_exact_match,quasi_exact_match,quasi_prefix_exact_match,contains_match,runspec,model,model_internal_name,runspec_internal_name,f1-macro,f1-micro
0,Chaz Schilens,Chaz Schilens,"This is a reading comprehension task. Read the passage carefully to figure out the answer for the input question. 

Passage: To start the season, the Lions traveled south to Tampa, Florida to take on the Tampa Bay Buccaneers. The Lions scored first in the first quarter with a 23-yard field goal by Jason Hanson. The Buccaneers tied it up with a 38-yard field goal by Connor Barth, then took the lead when Aqib Talib intercepted a pass from Matthew Stafford and ran it in 28 yards. The Lions responded with a 28-yard field goal. In the second quarter, Detroit took the lead with a 36-yard touchdown catch by Calvin Johnson, and later added more points when Tony Scheffler caught an 11-yard TD pass. Tampa Bay responded with a 31-yard field goal just before halftime. The second half was relatively quiet, with each team only scoring one touchdown. First, Detroit's Calvin Johnson caught a 1-yard pass in the third quarter. The game's final points came when Mike Williams of Tampa Bay caught a 5-yard pass.  The Lions won their regular season opener for the first time since 2007 
Question: How many points did the buccaneers need to tie in the first?
Answer: 3

Passage: Swedish forces entered Poland-Lithuania from Swedish Pomerania in the west, and Livonia in the north. The division on the western flank consisted of 13,650 men and 72 artillery pieces commanded by Arvid Wittenberg who entered Poland on 21 July 1655 and another 12,700 to 15,000 commanded by Charles X Gustav who followed in August, while the division on the northern flank consisted of 7,200 men commanded by Magnus De la Gardie who had already seized Dünaburg with them on 12 July. On the western front, Wittenberg was opposed by a Polish levy of 13,000 and an additional 1,400 peasant infantry. Aware of the military superiority of the well-trained Swedish army, the nobles of Greater Poland surrendered to Wittenberg on 25 July in Ujście after the Battle of Ujście, and then pledged loyalty to the Swedish king. Wittenberg established a garrison in Poznań . On the northern front, Prince Janusz Radziwiłł signed the Treaty of Kėdainiai with Sweden on 17 August 1655, placing the Grand Duchy of Lithuania under Swedish protection. Though Radziwiłł had been negotiating with Sweden before, during his dispute with the Polish king, Kėdainiai provided a clause stipulating that the two parts of the Commonwealth, Poland and Lithuania, need not fight each other. Part of the Lithuanian army opposed the treaty however, forming a confederation led by the magnate and Polish-Lithuanian hetman Paweł Jan Sapieha at Wierzbołów. 
Question: When the Battle of Ujście occur?
Answer: 25 July 1655

Passage: Starting lineups: HOUSTON - OFFENSE: QB Matt Schaub, LT Duane Brown, LG Wade Smith, C Chris Myers, RG Mike Brisiel, RT Eric Winston, WR Andre Johnson, RB Arian Foster, FB Vonta Leach, TE Joel Dreessen, WR Kevin Walter.Hoping to snap a four-game losing streak the Texans played on home ground for an AFC South rivalry match against the Titans.  The Texans took control throughout the game as QB Matt Schaub got a 1-yard TD pass to TE Joel Dreessen, followed by his 2-yard TD pass to WR Andre Johnson. The lead was increased when kicker Neil Rackers hit a 35 and a 33-yard field goal. With the easy win, the Texans improved to 5-6.  However, Johnson was ejected following a fight with Titans CB Cortland Finnegan, who was also ejected. 
Question: Which players were ejected from the game?
Answer: Andre Johnson, Cortland Finnegan

Passage: In 2015, the Population Division of the United Nations Department of Economic and Social Affairs listed Germany as host to the List of sovereign states and dependent territories by immigrant population, about 5% or 12 million of all 244 million migrants. Germany ranks List of countries by immigrant population and 37th globally in terms of the percentage of migrants who made up part of the countrys population. , the largest national group was from Turkey (2,859,000), followed by Poland (1,617,000), Russia (1,188,000), and Italy (764,000). 740,000 people have Afro-Germans origins, an increase of 46% since 2011. Since 1987, around 3 million ethnic Germans, mostly from the former Eastern Bloc countries, have exercised their German Law of Return and emigrated to Germany. 
Question: Which immigrant population is the largest in Germany?
Answer: Turkey

Passage: In the 49ers first game with new Coach Jim Tomsula, the 49ers defeated the Minnesota Vikings 20-3 on Monday Night Football. Carlos Hyde in his first career start rushed 26 times for 168 yards and two touchdowns. Hyde's 168 rushing yards are the most by a 49ers player since 2012, when Colin Kaepernick rushed for 181 against the Packers. Colin Kaepernick went 17 for 26 with 165 yards passing. The 49ers defense was stout, holding the Vikings to just three points and sacking Vikings QB Teddy Bridgewater five times. Adrian Peterson, returning from suspension, rushed for only 31 yards on 10 carries. This game also marked the return of NaVorro Bowman, who missed all of the 2014 season with an injury. He had seven tackles and a sack in the season opener. In addition, the 49ers introduced black alternate uniforms. 
Question: How many yards per carry did Adrian Peterson average during this game?
Answer: 3.10

Passage:  Hoping to rebound from their loss to the Patriots, the Raiders stayed at home for a Week 16 duel with the Houston Texans.  Oakland would get the early lead in the first quarter as quarterback JaMarcus Russell completed a 20-yard touchdown pass to rookie wide receiver Chaz Schilens.  The Texans would respond with fullback Vonta Leach getting a 1-yard touchdown run, yet the Raiders would answer with kicker Sebastian Janikowski getting a 33-yard and a 30-yard field goal.  Houston would tie the game in the second quarter with kicker Kris Brown getting a 53-yard and a 24-yard field goal. Oakland would take the lead in the third quarter with wide receiver Johnnie Lee Higgins catching a 29-yard touchdown pass from Russell, followed up by an 80-yard punt return for a touchdown.  The Texans tried to rally in the fourth quarter as Brown nailed a 40-yard field goal, yet the Raiders' defense would shut down any possible attempt. 
Question: Who scored the first touchdown of the game?
Answer:",200,1,1,1,1,1,runspec_drop,Openai_GPT3.5_release_run,Openai_GPT3.5_release_run,runspec_saq,,
1,3,4,"This is a reading comprehension task. Read the passage carefully to figure out the answer for the input question. 

Passage: To start the season, the Lions traveled south to Tampa, Florida to take on the Tampa Bay Buccaneers. The Lions scored first in the first quarter with a 23-yard field goal by Jason Hanson. The Buccaneers tied it up with a 38-yard field goal by Connor Barth, then took the lead when Aqib Talib intercepted a pass from Matthew Stafford and ran it in 28 yards. The Lions responded with a 28-yard field goal. In the second quarter, Detroit took the lead with a 36-yard touchdown catch by Calvin Johnson, and later added more points when Tony Scheffler caught an 11-yard TD pass. Tampa Bay responded with a 31-yard field goal just before halftime. The second half was relatively quiet, with each team only scoring one touchdown. First, Detroit's Calvin Johnson caught a 1-yard pass in the third quarter. The game's final points came when Mike Williams of Tampa Bay caught a 5-yard pass.  The Lions won their regular season opener for the first time since 2007 
Question: How many points did the buccaneers need to tie in the first?
Answer: 3

Passage: Swedish forces entered Poland-Lithuania from Swedish Pomerania in the west, and Livonia in the north. The division on the western flank consisted of 13,650 men and 72 artillery pieces commanded by Arvid Wittenberg who entered Poland on 21 July 1655 and another 12,700 to 15,000 commanded by Charles X Gustav who followed in August, while the division on the northern flank consisted of 7,200 men commanded by Magnus De la Gardie who had already seized Dünaburg with them on 12 July. On the western front, Wittenberg was opposed by a Polish levy of 13,000 and an additional 1,400 peasant infantry. Aware of the military superiority of the well-trained Swedish army, the nobles of Greater Poland surrendered to Wittenberg on 25 July in Ujście after the Battle of Ujście, and then pledged loyalty to the Swedish king. Wittenberg established a garrison in Poznań . On the northern front, Prince Janusz Radziwiłł signed the Treaty of Kėdainiai with Sweden on 17 August 1655, placing the Grand Duchy of Lithuania under Swedish protection. Though Radziwiłł had been negotiating with Sweden before, during his dispute with the Polish king, Kėdainiai provided a clause stipulating that the two parts of the Commonwealth, Poland and Lithuania, need not fight each other. Part of the Lithuanian army opposed the treaty however, forming a confederation led by the magnate and Polish-Lithuanian hetman Paweł Jan Sapieha at Wierzbołów. 
Question: When the Battle of Ujście occur?
Answer: 25 July 1655

Passage: Starting lineups: HOUSTON - OFFENSE: QB Matt Schaub, LT Duane Brown, LG Wade Smith, C Chris Myers, RG Mike Brisiel, RT Eric Winston, WR Andre Johnson, RB Arian Foster, FB Vonta Leach, TE Joel Dreessen, WR Kevin Walter.Hoping to snap a four-game losing streak the Texans played on home ground for an AFC South rivalry match against the Titans.  The Texans took control throughout the game as QB Matt Schaub got a 1-yard TD pass to TE Joel Dreessen, followed by his 2-yard TD pass to WR Andre Johnson. The lead was increased when kicker Neil Rackers hit a 35 and a 33-yard field goal. With the easy win, the Texans improved to 5-6.  However, Johnson was ejected following a fight with Titans CB Cortland Finnegan, who was also ejected. 
Question: Which players were ejected from the game?
Answer: Andre Johnson, Cortland Finnegan

Passage: In 2015, the Population Division of the United Nations Department of Economic and Social Affairs listed Germany as host to the List of sovereign states and dependent territories by immigrant population, about 5% or 12 million of all 244 million migrants. Germany ranks List of countries by immigrant population and 37th globally in terms of the percentage of migrants who made up part of the countrys population. , the largest national group was from Turkey (2,859,000), followed by Poland (1,617,000), Russia (1,188,000), and Italy (764,000). 740,000 people have Afro-Germans origins, an increase of 46% since 2011. Since 1987, around 3 million ethnic Germans, mostly from the former Eastern Bloc countries, have exercised their German Law of Return and emigrated to Germany. 
Question: Which immigrant population is the largest in Germany?
Answer: Turkey

Passage: In the 49ers first game with new Coach Jim Tomsula, the 49ers defeated the Minnesota Vikings 20-3 on Monday Night Football. Carlos Hyde in his first career start rushed 26 times for 168 yards and two touchdowns. Hyde's 168 rushing yards are the most by a 49ers player since 2012, when Colin Kaepernick rushed for 181 against the Packers. Colin Kaepernick went 17 for 26 with 165 yards passing. The 49ers defense was stout, holding the Vikings to just three points and sacking Vikings QB Teddy Bridgewater five times. Adrian Peterson, returning from suspension, rushed for only 31 yards on 10 carries. This game also marked the return of NaVorro Bowman, who missed all of the 2014 season with an injury. He had seven tackles and a sack in the season opener. In addition, the 49ers introduced black alternate uniforms. 
Question: How many yards per carry did Adrian Peterson average during this game?
Answer: 3.10

Passage:  Hoping to rebound from their loss to the Patriots, the Raiders stayed at home for a Week 16 duel with the Houston Texans.  Oakland would get the early lead in the first quarter as quarterback JaMarcus Russell completed a 20-yard touchdown pass to rookie wide receiver Chaz Schilens.  The Texans would respond with fullback Vonta Leach getting a 1-yard touchdown run, yet the Raiders would answer with kicker Sebastian Janikowski getting a 33-yard and a 30-yard field goal.  Houston would tie the game in the second quarter with kicker Kris Brown getting a 53-yard and a 24-yard field goal. Oakland would take the lead in the third quarter with wide receiver Johnnie Lee Higgins catching a 29-yard touchdown pass from Russell, followed up by an 80-yard punt return for a touchdown.  The Texans tried to rally in the fourth quarter as Brown nailed a 40-yard field goal, yet the Raiders' defense would shut down any possible attempt. 
Question: How many field goals did Kris Brown kick?
Answer:",200,0,0,0,0,0,runspec_drop,Openai_GPT3.5_release_run,Openai_GPT3.5_release_run,runspec_saq,,
2,Raiders,Oakland Raiders,"This is a reading comprehension task. Read the passage carefully to figure out the answer for the input question. 

Passage: To start the season, the Lions traveled south to Tampa, Florida to take on the Tampa Bay Buccaneers. The Lions scored first in the first quarter with a 23-yard field goal by Jason Hanson. The Buccaneers tied it up with a 38-yard field goal by Connor Barth, then took the lead when Aqib Talib intercepted a pass from Matthew Stafford and ran it in 28 yards. The Lions responded with a 28-yard field goal. In the second quarter, Detroit took the lead with a 36-yard touchdown catch by Calvin Johnson, and later added more points when Tony Scheffler caught an 11-yard TD pass. Tampa Bay responded with a 31-yard field goal just before halftime. The second half was relatively quiet, with each team only scoring one touchdown. First, Detroit's Calvin Johnson caught a 1-yard pass in the third quarter. The game's final points came when Mike Williams of Tampa Bay caught a 5-yard pass.  The Lions won their regular season opener for the first time since 2007 
Question: How many points did the buccaneers need to tie in the first?
Answer: 3

Passage: Swedish forces entered Poland-Lithuania from Swedish Pomerania in the west, and Livonia in the north. The division on the western flank consisted of 13,650 men and 72 artillery pieces commanded by Arvid Wittenberg who entered Poland on 21 July 1655 and another 12,700 to 15,000 commanded by Charles X Gustav who followed in August, while the division on the northern flank consisted of 7,200 men commanded by Magnus De la Gardie who had already seized Dünaburg with them on 12 July. On the western front, Wittenberg was opposed by a Polish levy of 13,000 and an additional 1,400 peasant infantry. Aware of the military superiority of the well-trained Swedish army, the nobles of Greater Poland surrendered to Wittenberg on 25 July in Ujście after the Battle of Ujście, and then pledged loyalty to the Swedish king. Wittenberg established a garrison in Poznań . On the northern front, Prince Janusz Radziwiłł signed the Treaty of Kėdainiai with Sweden on 17 August 1655, placing the Grand Duchy of Lithuania under Swedish protection. Though Radziwiłł had been negotiating with Sweden before, during his dispute with the Polish king, Kėdainiai provided a clause stipulating that the two parts of the Commonwealth, Poland and Lithuania, need not fight each other. Part of the Lithuanian army opposed the treaty however, forming a confederation led by the magnate and Polish-Lithuanian hetman Paweł Jan Sapieha at Wierzbołów. 
Question: When the Battle of Ujście occur?
Answer: 25 July 1655

Passage: Starting lineups: HOUSTON - OFFENSE: QB Matt Schaub, LT Duane Brown, LG Wade Smith, C Chris Myers, RG Mike Brisiel, RT Eric Winston, WR Andre Johnson, RB Arian Foster, FB Vonta Leach, TE Joel Dreessen, WR Kevin Walter.Hoping to snap a four-game losing streak the Texans played on home ground for an AFC South rivalry match against the Titans.  The Texans took control throughout the game as QB Matt Schaub got a 1-yard TD pass to TE Joel Dreessen, followed by his 2-yard TD pass to WR Andre Johnson. The lead was increased when kicker Neil Rackers hit a 35 and a 33-yard field goal. With the easy win, the Texans improved to 5-6.  However, Johnson was ejected following a fight with Titans CB Cortland Finnegan, who was also ejected. 
Question: Which players were ejected from the game?
Answer: Andre Johnson, Cortland Finnegan

Passage: In 2015, the Population Division of the United Nations Department of Economic and Social Affairs listed Germany as host to the List of sovereign states and dependent territories by immigrant population, about 5% or 12 million of all 244 million migrants. Germany ranks List of countries by immigrant population and 37th globally in terms of the percentage of migrants who made up part of the countrys population. , the largest national group was from Turkey (2,859,000), followed by Poland (1,617,000), Russia (1,188,000), and Italy (764,000). 740,000 people have Afro-Germans origins, an increase of 46% since 2011. Since 1987, around 3 million ethnic Germans, mostly from the former Eastern Bloc countries, have exercised their German Law of Return and emigrated to Germany. 
Question: Which immigrant population is the largest in Germany?
Answer: Turkey

Passage: In the 49ers first game with new Coach Jim Tomsula, the 49ers defeated the Minnesota Vikings 20-3 on Monday Night Football. Carlos Hyde in his first career start rushed 26 times for 168 yards and two touchdowns. Hyde's 168 rushing yards are the most by a 49ers player since 2012, when Colin Kaepernick rushed for 181 against the Packers. Colin Kaepernick went 17 for 26 with 165 yards passing. The 49ers defense was stout, holding the Vikings to just three points and sacking Vikings QB Teddy Bridgewater five times. Adrian Peterson, returning from suspension, rushed for only 31 yards on 10 carries. This game also marked the return of NaVorro Bowman, who missed all of the 2014 season with an injury. He had seven tackles and a sack in the season opener. In addition, the 49ers introduced black alternate uniforms. 
Question: How many yards per carry did Adrian Peterson average during this game?
Answer: 3.10

Passage:  Hoping to rebound from their loss to the Patriots, the Raiders stayed at home for a Week 16 duel with the Houston Texans.  Oakland would get the early lead in the first quarter as quarterback JaMarcus Russell completed a 20-yard touchdown pass to rookie wide receiver Chaz Schilens.  The Texans would respond with fullback Vonta Leach getting a 1-yard touchdown run, yet the Raiders would answer with kicker Sebastian Janikowski getting a 33-yard and a 30-yard field goal.  Houston would tie the game in the second quarter with kicker Kris Brown getting a 53-yard and a 24-yard field goal. Oakland would take the lead in the third quarter with wide receiver Johnnie Lee Higgins catching a 29-yard touchdown pass from Russell, followed up by an 80-yard punt return for a touchdown.  The Texans tried to rally in the fourth quarter as Brown nailed a 40-yard field goal, yet the Raiders' defense would shut down any possible attempt. 
Question: Which team won the game?
Answer:",200,0,0,0,0,1,runspec_drop,Openai_GPT3.5_release_run,Openai_GPT3.5_release_run,runspec_saq,,
3,2,5,"This is a reading comprehension task. Read the passage carefully to figure out the answer for the input question. 

Passage: To start the season, the Lions traveled south to Tampa, Florida to take on the Tampa Bay Buccaneers. The Lions scored first in the first quarter with a 23-yard field goal by Jason Hanson. The Buccaneers tied it up with a 38-yard field goal by Connor Barth, then took the lead when Aqib Talib intercepted a pass from Matthew Stafford and ran it in 28 yards. The Lions responded with a 28-yard field goal. In the second quarter, Detroit took the lead with a 36-yard touchdown catch by Calvin Johnson, and later added more points when Tony Scheffler caught an 11-yard TD pass. Tampa Bay responded with a 31-yard field goal just before halftime. The second half was relatively quiet, with each team only scoring one touchdown. First, Detroit's Calvin Johnson caught a 1-yard pass in the third quarter. The game's final points came when Mike Williams of Tampa Bay caught a 5-yard pass.  The Lions won their regular season opener for the first time since 2007 
Question: How many points did the buccaneers need to tie in the first?
Answer: 3

Passage: Swedish forces entered Poland-Lithuania from Swedish Pomerania in the west, and Livonia in the north. The division on the western flank consisted of 13,650 men and 72 artillery pieces commanded by Arvid Wittenberg who entered Poland on 21 July 1655 and another 12,700 to 15,000 commanded by Charles X Gustav who followed in August, while the division on the northern flank consisted of 7,200 men commanded by Magnus De la Gardie who had already seized Dünaburg with them on 12 July. On the western front, Wittenberg was opposed by a Polish levy of 13,000 and an additional 1,400 peasant infantry. Aware of the military superiority of the well-trained Swedish army, the nobles of Greater Poland surrendered to Wittenberg on 25 July in Ujście after the Battle of Ujście, and then pledged loyalty to the Swedish king. Wittenberg established a garrison in Poznań . On the northern front, Prince Janusz Radziwiłł signed the Treaty of Kėdainiai with Sweden on 17 August 1655, placing the Grand Duchy of Lithuania under Swedish protection. Though Radziwiłł had been negotiating with Sweden before, during his dispute with the Polish king, Kėdainiai provided a clause stipulating that the two parts of the Commonwealth, Poland and Lithuania, need not fight each other. Part of the Lithuanian army opposed the treaty however, forming a confederation led by the magnate and Polish-Lithuanian hetman Paweł Jan Sapieha at Wierzbołów. 
Question: When the Battle of Ujście occur?
Answer: 25 July 1655

Passage: Starting lineups: HOUSTON - OFFENSE: QB Matt Schaub, LT Duane Brown, LG Wade Smith, C Chris Myers, RG Mike Brisiel, RT Eric Winston, WR Andre Johnson, RB Arian Foster, FB Vonta Leach, TE Joel Dreessen, WR Kevin Walter.Hoping to snap a four-game losing streak the Texans played on home ground for an AFC South rivalry match against the Titans.  The Texans took control throughout the game as QB Matt Schaub got a 1-yard TD pass to TE Joel Dreessen, followed by his 2-yard TD pass to WR Andre Johnson. The lead was increased when kicker Neil Rackers hit a 35 and a 33-yard field goal. With the easy win, the Texans improved to 5-6.  However, Johnson was ejected following a fight with Titans CB Cortland Finnegan, who was also ejected. 
Question: Which players were ejected from the game?
Answer: Andre Johnson, Cortland Finnegan

Passage: In 2015, the Population Division of the United Nations Department of Economic and Social Affairs listed Germany as host to the List of sovereign states and dependent territories by immigrant population, about 5% or 12 million of all 244 million migrants. Germany ranks List of countries by immigrant population and 37th globally in terms of the percentage of migrants who made up part of the countrys population. , the largest national group was from Turkey (2,859,000), followed by Poland (1,617,000), Russia (1,188,000), and Italy (764,000). 740,000 people have Afro-Germans origins, an increase of 46% since 2011. Since 1987, around 3 million ethnic Germans, mostly from the former Eastern Bloc countries, have exercised their German Law of Return and emigrated to Germany. 
Question: Which immigrant population is the largest in Germany?
Answer: Turkey

Passage: In the 49ers first game with new Coach Jim Tomsula, the 49ers defeated the Minnesota Vikings 20-3 on Monday Night Football. Carlos Hyde in his first career start rushed 26 times for 168 yards and two touchdowns. Hyde's 168 rushing yards are the most by a 49ers player since 2012, when Colin Kaepernick rushed for 181 against the Packers. Colin Kaepernick went 17 for 26 with 165 yards passing. The 49ers defense was stout, holding the Vikings to just three points and sacking Vikings QB Teddy Bridgewater five times. Adrian Peterson, returning from suspension, rushed for only 31 yards on 10 carries. This game also marked the return of NaVorro Bowman, who missed all of the 2014 season with an injury. He had seven tackles and a sack in the season opener. In addition, the 49ers introduced black alternate uniforms. 
Question: How many yards per carry did Adrian Peterson average during this game?
Answer: 3.10

Passage:  Hoping to rebound from their loss to the Patriots, the Raiders stayed at home for a Week 16 duel with the Houston Texans.  Oakland would get the early lead in the first quarter as quarterback JaMarcus Russell completed a 20-yard touchdown pass to rookie wide receiver Chaz Schilens.  The Texans would respond with fullback Vonta Leach getting a 1-yard touchdown run, yet the Raiders would answer with kicker Sebastian Janikowski getting a 33-yard and a 30-yard field goal.  Houston would tie the game in the second quarter with kicker Kris Brown getting a 53-yard and a 24-yard field goal. Oakland would take the lead in the third quarter with wide receiver Johnnie Lee Higgins catching a 29-yard touchdown pass from Russell, followed up by an 80-yard punt return for a touchdown.  The Texans tried to rally in the fourth quarter as Brown nailed a 40-yard field goal, yet the Raiders' defense would shut down any possible attempt. 
Question: How many field goals did both teams kick in the first half?
Answer:",200,0,0,0,0,0,runspec_drop,Openai_GPT3.5_release_run,Openai_GPT3.5_release_run,runspec_saq,,
4,29,29 yards,"This is a reading comprehension task. Read the passage carefully to figure out the answer for the input question. 

Passage: To start the season, the Lions traveled south to Tampa, Florida to take on the Tampa Bay Buccaneers. The Lions scored first in the first quarter with a 23-yard field goal by Jason Hanson. The Buccaneers tied it up with a 38-yard field goal by Connor Barth, then took the lead when Aqib Talib intercepted a pass from Matthew Stafford and ran it in 28 yards. The Lions responded with a 28-yard field goal. In the second quarter, Detroit took the lead with a 36-yard touchdown catch by Calvin Johnson, and later added more points when Tony Scheffler caught an 11-yard TD pass. Tampa Bay responded with a 31-yard field goal just before halftime. The second half was relatively quiet, with each team only scoring one touchdown. First, Detroit's Calvin Johnson caught a 1-yard pass in the third quarter. The game's final points came when Mike Williams of Tampa Bay caught a 5-yard pass.  The Lions won their regular season opener for the first time since 2007 
Question: How many points did the buccaneers need to tie in the first?
Answer: 3

Passage: Swedish forces entered Poland-Lithuania from Swedish Pomerania in the west, and Livonia in the north. The division on the western flank consisted of 13,650 men and 72 artillery pieces commanded by Arvid Wittenberg who entered Poland on 21 July 1655 and another 12,700 to 15,000 commanded by Charles X Gustav who followed in August, while the division on the northern flank consisted of 7,200 men commanded by Magnus De la Gardie who had already seized Dünaburg with them on 12 July. On the western front, Wittenberg was opposed by a Polish levy of 13,000 and an additional 1,400 peasant infantry. Aware of the military superiority of the well-trained Swedish army, the nobles of Greater Poland surrendered to Wittenberg on 25 July in Ujście after the Battle of Ujście, and then pledged loyalty to the Swedish king. Wittenberg established a garrison in Poznań . On the northern front, Prince Janusz Radziwiłł signed the Treaty of Kėdainiai with Sweden on 17 August 1655, placing the Grand Duchy of Lithuania under Swedish protection. Though Radziwiłł had been negotiating with Sweden before, during his dispute with the Polish king, Kėdainiai provided a clause stipulating that the two parts of the Commonwealth, Poland and Lithuania, need not fight each other. Part of the Lithuanian army opposed the treaty however, forming a confederation led by the magnate and Polish-Lithuanian hetman Paweł Jan Sapieha at Wierzbołów. 
Question: When the Battle of Ujście occur?
Answer: 25 July 1655

Passage: Starting lineups: HOUSTON - OFFENSE: QB Matt Schaub, LT Duane Brown, LG Wade Smith, C Chris Myers, RG Mike Brisiel, RT Eric Winston, WR Andre Johnson, RB Arian Foster, FB Vonta Leach, TE Joel Dreessen, WR Kevin Walter.Hoping to snap a four-game losing streak the Texans played on home ground for an AFC South rivalry match against the Titans.  The Texans took control throughout the game as QB Matt Schaub got a 1-yard TD pass to TE Joel Dreessen, followed by his 2-yard TD pass to WR Andre Johnson. The lead was increased when kicker Neil Rackers hit a 35 and a 33-yard field goal. With the easy win, the Texans improved to 5-6.  However, Johnson was ejected following a fight with Titans CB Cortland Finnegan, who was also ejected. 
Question: Which players were ejected from the game?
Answer: Andre Johnson, Cortland Finnegan

Passage: In 2015, the Population Division of the United Nations Department of Economic and Social Affairs listed Germany as host to the List of sovereign states and dependent territories by immigrant population, about 5% or 12 million of all 244 million migrants. Germany ranks List of countries by immigrant population and 37th globally in terms of the percentage of migrants who made up part of the countrys population. , the largest national group was from Turkey (2,859,000), followed by Poland (1,617,000), Russia (1,188,000), and Italy (764,000). 740,000 people have Afro-Germans origins, an increase of 46% since 2011. Since 1987, around 3 million ethnic Germans, mostly from the former Eastern Bloc countries, have exercised their German Law of Return and emigrated to Germany. 
Question: Which immigrant population is the largest in Germany?
Answer: Turkey

Passage: In the 49ers first game with new Coach Jim Tomsula, the 49ers defeated the Minnesota Vikings 20-3 on Monday Night Football. Carlos Hyde in his first career start rushed 26 times for 168 yards and two touchdowns. Hyde's 168 rushing yards are the most by a 49ers player since 2012, when Colin Kaepernick rushed for 181 against the Packers. Colin Kaepernick went 17 for 26 with 165 yards passing. The 49ers defense was stout, holding the Vikings to just three points and sacking Vikings QB Teddy Bridgewater five times. Adrian Peterson, returning from suspension, rushed for only 31 yards on 10 carries. This game also marked the return of NaVorro Bowman, who missed all of the 2014 season with an injury. He had seven tackles and a sack in the season opener. In addition, the 49ers introduced black alternate uniforms. 
Question: How many yards per carry did Adrian Peterson average during this game?
Answer: 3.10

Passage:  Hoping to rebound from their loss to the Patriots, the Raiders stayed at home for a Week 16 duel with the Houston Texans.  Oakland would get the early lead in the first quarter as quarterback JaMarcus Russell completed a 20-yard touchdown pass to rookie wide receiver Chaz Schilens.  The Texans would respond with fullback Vonta Leach getting a 1-yard touchdown run, yet the Raiders would answer with kicker Sebastian Janikowski getting a 33-yard and a 30-yard field goal.  Houston would tie the game in the second quarter with kicker Kris Brown getting a 53-yard and a 24-yard field goal. Oakland would take the lead in the third quarter with wide receiver Johnnie Lee Higgins catching a 29-yard touchdown pass from Russell, followed up by an 80-yard punt return for a touchdown.  The Texans tried to rally in the fourth quarter as Brown nailed a 40-yard field goal, yet the Raiders' defense would shut down any possible attempt. 
Question: How many more yards was Kris Browns's first field goal over his second?
Answer:",200,0,1,0,1,1,runspec_drop,Openai_GPT3.5_release_run,Openai_GPT3.5_release_run,runspec_saq,,
5,Russell,JaMarcus Russell,"This is a reading comprehension task. Read the passage carefully to figure out the answer for the input question. 

Passage: To start the season, the Lions traveled south to Tampa, Florida to take on the Tampa Bay Buccaneers. The Lions scored first in the first quarter with a 23-yard field goal by Jason Hanson. The Buccaneers tied it up with a 38-yard field goal by Connor Barth, then took the lead when Aqib Talib intercepted a pass from Matthew Stafford and ran it in 28 yards. The Lions responded with a 28-yard field goal. In the second quarter, Detroit took the lead with a 36-yard touchdown catch by Calvin Johnson, and later added more points when Tony Scheffler caught an 11-yard TD pass. Tampa Bay responded with a 31-yard field goal just before halftime. The second half was relatively quiet, with each team only scoring one touchdown. First, Detroit's Calvin Johnson caught a 1-yard pass in the third quarter. The game's final points came when Mike Williams of Tampa Bay caught a 5-yard pass.  The Lions won their regular season opener for the first time since 2007 
Question: How many points did the buccaneers need to tie in the first?
Answer: 3

Passage: Swedish forces entered Poland-Lithuania from Swedish Pomerania in the west, and Livonia in the north. The division on the western flank consisted of 13,650 men and 72 artillery pieces commanded by Arvid Wittenberg who entered Poland on 21 July 1655 and another 12,700 to 15,000 commanded by Charles X Gustav who followed in August, while the division on the northern flank consisted of 7,200 men commanded by Magnus De la Gardie who had already seized Dünaburg with them on 12 July. On the western front, Wittenberg was opposed by a Polish levy of 13,000 and an additional 1,400 peasant infantry. Aware of the military superiority of the well-trained Swedish army, the nobles of Greater Poland surrendered to Wittenberg on 25 July in Ujście after the Battle of Ujście, and then pledged loyalty to the Swedish king. Wittenberg established a garrison in Poznań . On the northern front, Prince Janusz Radziwiłł signed the Treaty of Kėdainiai with Sweden on 17 August 1655, placing the Grand Duchy of Lithuania under Swedish protection. Though Radziwiłł had been negotiating with Sweden before, during his dispute with the Polish king, Kėdainiai provided a clause stipulating that the two parts of the Commonwealth, Poland and Lithuania, need not fight each other. Part of the Lithuanian army opposed the treaty however, forming a confederation led by the magnate and Polish-Lithuanian hetman Paweł Jan Sapieha at Wierzbołów. 
Question: When the Battle of Ujście occur?
Answer: 25 July 1655

Passage: Starting lineups: HOUSTON - OFFENSE: QB Matt Schaub, LT Duane Brown, LG Wade Smith, C Chris Myers, RG Mike Brisiel, RT Eric Winston, WR Andre Johnson, RB Arian Foster, FB Vonta Leach, TE Joel Dreessen, WR Kevin Walter.Hoping to snap a four-game losing streak the Texans played on home ground for an AFC South rivalry match against the Titans.  The Texans took control throughout the game as QB Matt Schaub got a 1-yard TD pass to TE Joel Dreessen, followed by his 2-yard TD pass to WR Andre Johnson. The lead was increased when kicker Neil Rackers hit a 35 and a 33-yard field goal. With the easy win, the Texans improved to 5-6.  However, Johnson was ejected following a fight with Titans CB Cortland Finnegan, who was also ejected. 
Question: Which players were ejected from the game?
Answer: Andre Johnson, Cortland Finnegan

Passage: In 2015, the Population Division of the United Nations Department of Economic and Social Affairs listed Germany as host to the List of sovereign states and dependent territories by immigrant population, about 5% or 12 million of all 244 million migrants. Germany ranks List of countries by immigrant population and 37th globally in terms of the percentage of migrants who made up part of the countrys population. , the largest national group was from Turkey (2,859,000), followed by Poland (1,617,000), Russia (1,188,000), and Italy (764,000). 740,000 people have Afro-Germans origins, an increase of 46% since 2011. Since 1987, around 3 million ethnic Germans, mostly from the former Eastern Bloc countries, have exercised their German Law of Return and emigrated to Germany. 
Question: Which immigrant population is the largest in Germany?
Answer: Turkey

Passage: In the 49ers first game with new Coach Jim Tomsula, the 49ers defeated the Minnesota Vikings 20-3 on Monday Night Football. Carlos Hyde in his first career start rushed 26 times for 168 yards and two touchdowns. Hyde's 168 rushing yards are the most by a 49ers player since 2012, when Colin Kaepernick rushed for 181 against the Packers. Colin Kaepernick went 17 for 26 with 165 yards passing. The 49ers defense was stout, holding the Vikings to just three points and sacking Vikings QB Teddy Bridgewater five times. Adrian Peterson, returning from suspension, rushed for only 31 yards on 10 carries. This game also marked the return of NaVorro Bowman, who missed all of the 2014 season with an injury. He had seven tackles and a sack in the season opener. In addition, the 49ers introduced black alternate uniforms. 
Question: How many yards per carry did Adrian Peterson average during this game?
Answer: 3.10

Passage:  Hoping to rebound from their loss to the Patriots, the Raiders stayed at home for a Week 16 duel with the Houston Texans.  Oakland would get the early lead in the first quarter as quarterback JaMarcus Russell completed a 20-yard touchdown pass to rookie wide receiver Chaz Schilens.  The Texans would respond with fullback Vonta Leach getting a 1-yard touchdown run, yet the Raiders would answer with kicker Sebastian Janikowski getting a 33-yard and a 30-yard field goal.  Houston would tie the game in the second quarter with kicker Kris Brown getting a 53-yard and a 24-yard field goal. Oakland would take the lead in the third quarter with wide receiver Johnnie Lee Higgins catching a 29-yard touchdown pass from Russell, followed up by an 80-yard punt return for a touchdown.  The Texans tried to rally in the fourth quarter as Brown nailed a 40-yard field goal, yet the Raiders' defense would shut down any possible attempt. 
Question: Who threw the longest pass?
Answer:",200,0,0,0,0,1,runspec_drop,Openai_GPT3.5_release_run,Openai_GPT3.5_release_run,runspec_saq,,
6,80-yard,80,"This is a reading comprehension task. Read the passage carefully to figure out the answer for the input question. 

Passage: To start the season, the Lions traveled south to Tampa, Florida to take on the Tampa Bay Buccaneers. The Lions scored first in the first quarter with a 23-yard field goal by Jason Hanson. The Buccaneers tied it up with a 38-yard field goal by Connor Barth, then took the lead when Aqib Talib intercepted a pass from Matthew Stafford and ran it in 28 yards. The Lions responded with a 28-yard field goal. In the second quarter, Detroit took the lead with a 36-yard touchdown catch by Calvin Johnson, and later added more points when Tony Scheffler caught an 11-yard TD pass. Tampa Bay responded with a 31-yard field goal just before halftime. The second half was relatively quiet, with each team only scoring one touchdown. First, Detroit's Calvin Johnson caught a 1-yard pass in the third quarter. The game's final points came when Mike Williams of Tampa Bay caught a 5-yard pass.  The Lions won their regular season opener for the first time since 2007 
Question: How many points did the buccaneers need to tie in the first?
Answer: 3

Passage: Swedish forces entered Poland-Lithuania from Swedish Pomerania in the west, and Livonia in the north. The division on the western flank consisted of 13,650 men and 72 artillery pieces commanded by Arvid Wittenberg who entered Poland on 21 July 1655 and another 12,700 to 15,000 commanded by Charles X Gustav who followed in August, while the division on the northern flank consisted of 7,200 men commanded by Magnus De la Gardie who had already seized Dünaburg with them on 12 July. On the western front, Wittenberg was opposed by a Polish levy of 13,000 and an additional 1,400 peasant infantry. Aware of the military superiority of the well-trained Swedish army, the nobles of Greater Poland surrendered to Wittenberg on 25 July in Ujście after the Battle of Ujście, and then pledged loyalty to the Swedish king. Wittenberg established a garrison in Poznań . On the northern front, Prince Janusz Radziwiłł signed the Treaty of Kėdainiai with Sweden on 17 August 1655, placing the Grand Duchy of Lithuania under Swedish protection. Though Radziwiłł had been negotiating with Sweden before, during his dispute with the Polish king, Kėdainiai provided a clause stipulating that the two parts of the Commonwealth, Poland and Lithuania, need not fight each other. Part of the Lithuanian army opposed the treaty however, forming a confederation led by the magnate and Polish-Lithuanian hetman Paweł Jan Sapieha at Wierzbołów. 
Question: When the Battle of Ujście occur?
Answer: 25 July 1655

Passage: Starting lineups: HOUSTON - OFFENSE: QB Matt Schaub, LT Duane Brown, LG Wade Smith, C Chris Myers, RG Mike Brisiel, RT Eric Winston, WR Andre Johnson, RB Arian Foster, FB Vonta Leach, TE Joel Dreessen, WR Kevin Walter.Hoping to snap a four-game losing streak the Texans played on home ground for an AFC South rivalry match against the Titans.  The Texans took control throughout the game as QB Matt Schaub got a 1-yard TD pass to TE Joel Dreessen, followed by his 2-yard TD pass to WR Andre Johnson. The lead was increased when kicker Neil Rackers hit a 35 and a 33-yard field goal. With the easy win, the Texans improved to 5-6.  However, Johnson was ejected following a fight with Titans CB Cortland Finnegan, who was also ejected. 
Question: Which players were ejected from the game?
Answer: Andre Johnson, Cortland Finnegan

Passage: In 2015, the Population Division of the United Nations Department of Economic and Social Affairs listed Germany as host to the List of sovereign states and dependent territories by immigrant population, about 5% or 12 million of all 244 million migrants. Germany ranks List of countries by immigrant population and 37th globally in terms of the percentage of migrants who made up part of the countrys population. , the largest national group was from Turkey (2,859,000), followed by Poland (1,617,000), Russia (1,188,000), and Italy (764,000). 740,000 people have Afro-Germans origins, an increase of 46% since 2011. Since 1987, around 3 million ethnic Germans, mostly from the former Eastern Bloc countries, have exercised their German Law of Return and emigrated to Germany. 
Question: Which immigrant population is the largest in Germany?
Answer: Turkey

Passage: In the 49ers first game with new Coach Jim Tomsula, the 49ers defeated the Minnesota Vikings 20-3 on Monday Night Football. Carlos Hyde in his first career start rushed 26 times for 168 yards and two touchdowns. Hyde's 168 rushing yards are the most by a 49ers player since 2012, when Colin Kaepernick rushed for 181 against the Packers. Colin Kaepernick went 17 for 26 with 165 yards passing. The 49ers defense was stout, holding the Vikings to just three points and sacking Vikings QB Teddy Bridgewater five times. Adrian Peterson, returning from suspension, rushed for only 31 yards on 10 carries. This game also marked the return of NaVorro Bowman, who missed all of the 2014 season with an injury. He had seven tackles and a sack in the season opener. In addition, the 49ers introduced black alternate uniforms. 
Question: How many yards per carry did Adrian Peterson average during this game?
Answer: 3.10

Passage:  Hoping to rebound from their loss to the Patriots, the Raiders stayed at home for a Week 16 duel with the Houston Texans.  Oakland would get the early lead in the first quarter as quarterback JaMarcus Russell completed a 20-yard touchdown pass to rookie wide receiver Chaz Schilens.  The Texans would respond with fullback Vonta Leach getting a 1-yard touchdown run, yet the Raiders would answer with kicker Sebastian Janikowski getting a 33-yard and a 30-yard field goal.  Houston would tie the game in the second quarter with kicker Kris Brown getting a 53-yard and a 24-yard field goal. Oakland would take the lead in the third quarter with wide receiver Johnnie Lee Higgins catching a 29-yard touchdown pass from Russell, followed up by an 80-yard punt return for a touchdown.  The Texans tried to rally in the fourth quarter as Brown nailed a 40-yard field goal, yet the Raiders' defense would shut down any possible attempt. 
Question: How many yards was the longest touchdown of the game?
Answer:",200,0,0,0,0,0,runspec_drop,Openai_GPT3.5_release_run,Openai_GPT3.5_release_run,runspec_saq,,
7,2,Sebastian Janikowski scored 2 field goals,"This is a reading comprehension task. Read the passage carefully to figure out the answer for the input question. 

Passage: To start the season, the Lions traveled south to Tampa, Florida to take on the Tampa Bay Buccaneers. The Lions scored first in the first quarter with a 23-yard field goal by Jason Hanson. The Buccaneers tied it up with a 38-yard field goal by Connor Barth, then took the lead when Aqib Talib intercepted a pass from Matthew Stafford and ran it in 28 yards. The Lions responded with a 28-yard field goal. In the second quarter, Detroit took the lead with a 36-yard touchdown catch by Calvin Johnson, and later added more points when Tony Scheffler caught an 11-yard TD pass. Tampa Bay responded with a 31-yard field goal just before halftime. The second half was relatively quiet, with each team only scoring one touchdown. First, Detroit's Calvin Johnson caught a 1-yard pass in the third quarter. The game's final points came when Mike Williams of Tampa Bay caught a 5-yard pass.  The Lions won their regular season opener for the first time since 2007 
Question: How many points did the buccaneers need to tie in the first?
Answer: 3

Passage: Swedish forces entered Poland-Lithuania from Swedish Pomerania in the west, and Livonia in the north. The division on the western flank consisted of 13,650 men and 72 artillery pieces commanded by Arvid Wittenberg who entered Poland on 21 July 1655 and another 12,700 to 15,000 commanded by Charles X Gustav who followed in August, while the division on the northern flank consisted of 7,200 men commanded by Magnus De la Gardie who had already seized Dünaburg with them on 12 July. On the western front, Wittenberg was opposed by a Polish levy of 13,000 and an additional 1,400 peasant infantry. Aware of the military superiority of the well-trained Swedish army, the nobles of Greater Poland surrendered to Wittenberg on 25 July in Ujście after the Battle of Ujście, and then pledged loyalty to the Swedish king. Wittenberg established a garrison in Poznań . On the northern front, Prince Janusz Radziwiłł signed the Treaty of Kėdainiai with Sweden on 17 August 1655, placing the Grand Duchy of Lithuania under Swedish protection. Though Radziwiłł had been negotiating with Sweden before, during his dispute with the Polish king, Kėdainiai provided a clause stipulating that the two parts of the Commonwealth, Poland and Lithuania, need not fight each other. Part of the Lithuanian army opposed the treaty however, forming a confederation led by the magnate and Polish-Lithuanian hetman Paweł Jan Sapieha at Wierzbołów. 
Question: When the Battle of Ujście occur?
Answer: 25 July 1655

Passage: Starting lineups: HOUSTON - OFFENSE: QB Matt Schaub, LT Duane Brown, LG Wade Smith, C Chris Myers, RG Mike Brisiel, RT Eric Winston, WR Andre Johnson, RB Arian Foster, FB Vonta Leach, TE Joel Dreessen, WR Kevin Walter.Hoping to snap a four-game losing streak the Texans played on home ground for an AFC South rivalry match against the Titans.  The Texans took control throughout the game as QB Matt Schaub got a 1-yard TD pass to TE Joel Dreessen, followed by his 2-yard TD pass to WR Andre Johnson. The lead was increased when kicker Neil Rackers hit a 35 and a 33-yard field goal. With the easy win, the Texans improved to 5-6.  However, Johnson was ejected following a fight with Titans CB Cortland Finnegan, who was also ejected. 
Question: Which players were ejected from the game?
Answer: Andre Johnson, Cortland Finnegan

Passage: In 2015, the Population Division of the United Nations Department of Economic and Social Affairs listed Germany as host to the List of sovereign states and dependent territories by immigrant population, about 5% or 12 million of all 244 million migrants. Germany ranks List of countries by immigrant population and 37th globally in terms of the percentage of migrants who made up part of the countrys population. , the largest national group was from Turkey (2,859,000), followed by Poland (1,617,000), Russia (1,188,000), and Italy (764,000). 740,000 people have Afro-Germans origins, an increase of 46% since 2011. Since 1987, around 3 million ethnic Germans, mostly from the former Eastern Bloc countries, have exercised their German Law of Return and emigrated to Germany. 
Question: Which immigrant population is the largest in Germany?
Answer: Turkey

Passage: In the 49ers first game with new Coach Jim Tomsula, the 49ers defeated the Minnesota Vikings 20-3 on Monday Night Football. Carlos Hyde in his first career start rushed 26 times for 168 yards and two touchdowns. Hyde's 168 rushing yards are the most by a 49ers player since 2012, when Colin Kaepernick rushed for 181 against the Packers. Colin Kaepernick went 17 for 26 with 165 yards passing. The 49ers defense was stout, holding the Vikings to just three points and sacking Vikings QB Teddy Bridgewater five times. Adrian Peterson, returning from suspension, rushed for only 31 yards on 10 carries. This game also marked the return of NaVorro Bowman, who missed all of the 2014 season with an injury. He had seven tackles and a sack in the season opener. In addition, the 49ers introduced black alternate uniforms. 
Question: How many yards per carry did Adrian Peterson average during this game?
Answer: 3.10

Passage:  Hoping to rebound from their loss to the Patriots, the Raiders stayed at home for a Week 16 duel with the Houston Texans.  Oakland would get the early lead in the first quarter as quarterback JaMarcus Russell completed a 20-yard touchdown pass to rookie wide receiver Chaz Schilens.  The Texans would respond with fullback Vonta Leach getting a 1-yard touchdown run, yet the Raiders would answer with kicker Sebastian Janikowski getting a 33-yard and a 30-yard field goal.  Houston would tie the game in the second quarter with kicker Kris Brown getting a 53-yard and a 24-yard field goal. Oakland would take the lead in the third quarter with wide receiver Johnnie Lee Higgins catching a 29-yard touchdown pass from Russell, followed up by an 80-yard punt return for a touchdown.  The Texans tried to rally in the fourth quarter as Brown nailed a 40-yard field goal, yet the Raiders' defense would shut down any possible attempt. 
Question: How many field goals did Sebastian Janikowski and Kris Brown both score each?
Answer:",200,0,0,0,0,1,runspec_drop,Openai_GPT3.5_release_run,Openai_GPT3.5_release_run,runspec_saq,,
8,3,3 yards,"This is a reading comprehension task. Read the passage carefully to figure out the answer for the input question. 

Passage: To start the season, the Lions traveled south to Tampa, Florida to take on the Tampa Bay Buccaneers. The Lions scored first in the first quarter with a 23-yard field goal by Jason Hanson. The Buccaneers tied it up with a 38-yard field goal by Connor Barth, then took the lead when Aqib Talib intercepted a pass from Matthew Stafford and ran it in 28 yards. The Lions responded with a 28-yard field goal. In the second quarter, Detroit took the lead with a 36-yard touchdown catch by Calvin Johnson, and later added more points when Tony Scheffler caught an 11-yard TD pass. Tampa Bay responded with a 31-yard field goal just before halftime. The second half was relatively quiet, with each team only scoring one touchdown. First, Detroit's Calvin Johnson caught a 1-yard pass in the third quarter. The game's final points came when Mike Williams of Tampa Bay caught a 5-yard pass.  The Lions won their regular season opener for the first time since 2007 
Question: How many points did the buccaneers need to tie in the first?
Answer: 3

Passage: Swedish forces entered Poland-Lithuania from Swedish Pomerania in the west, and Livonia in the north. The division on the western flank consisted of 13,650 men and 72 artillery pieces commanded by Arvid Wittenberg who entered Poland on 21 July 1655 and another 12,700 to 15,000 commanded by Charles X Gustav who followed in August, while the division on the northern flank consisted of 7,200 men commanded by Magnus De la Gardie who had already seized Dünaburg with them on 12 July. On the western front, Wittenberg was opposed by a Polish levy of 13,000 and an additional 1,400 peasant infantry. Aware of the military superiority of the well-trained Swedish army, the nobles of Greater Poland surrendered to Wittenberg on 25 July in Ujście after the Battle of Ujście, and then pledged loyalty to the Swedish king. Wittenberg established a garrison in Poznań . On the northern front, Prince Janusz Radziwiłł signed the Treaty of Kėdainiai with Sweden on 17 August 1655, placing the Grand Duchy of Lithuania under Swedish protection. Though Radziwiłł had been negotiating with Sweden before, during his dispute with the Polish king, Kėdainiai provided a clause stipulating that the two parts of the Commonwealth, Poland and Lithuania, need not fight each other. Part of the Lithuanian army opposed the treaty however, forming a confederation led by the magnate and Polish-Lithuanian hetman Paweł Jan Sapieha at Wierzbołów. 
Question: When the Battle of Ujście occur?
Answer: 25 July 1655

Passage: Starting lineups: HOUSTON - OFFENSE: QB Matt Schaub, LT Duane Brown, LG Wade Smith, C Chris Myers, RG Mike Brisiel, RT Eric Winston, WR Andre Johnson, RB Arian Foster, FB Vonta Leach, TE Joel Dreessen, WR Kevin Walter.Hoping to snap a four-game losing streak the Texans played on home ground for an AFC South rivalry match against the Titans.  The Texans took control throughout the game as QB Matt Schaub got a 1-yard TD pass to TE Joel Dreessen, followed by his 2-yard TD pass to WR Andre Johnson. The lead was increased when kicker Neil Rackers hit a 35 and a 33-yard field goal. With the easy win, the Texans improved to 5-6.  However, Johnson was ejected following a fight with Titans CB Cortland Finnegan, who was also ejected. 
Question: Which players were ejected from the game?
Answer: Andre Johnson, Cortland Finnegan

Passage: In 2015, the Population Division of the United Nations Department of Economic and Social Affairs listed Germany as host to the List of sovereign states and dependent territories by immigrant population, about 5% or 12 million of all 244 million migrants. Germany ranks List of countries by immigrant population and 37th globally in terms of the percentage of migrants who made up part of the countrys population. , the largest national group was from Turkey (2,859,000), followed by Poland (1,617,000), Russia (1,188,000), and Italy (764,000). 740,000 people have Afro-Germans origins, an increase of 46% since 2011. Since 1987, around 3 million ethnic Germans, mostly from the former Eastern Bloc countries, have exercised their German Law of Return and emigrated to Germany. 
Question: Which immigrant population is the largest in Germany?
Answer: Turkey

Passage: In the 49ers first game with new Coach Jim Tomsula, the 49ers defeated the Minnesota Vikings 20-3 on Monday Night Football. Carlos Hyde in his first career start rushed 26 times for 168 yards and two touchdowns. Hyde's 168 rushing yards are the most by a 49ers player since 2012, when Colin Kaepernick rushed for 181 against the Packers. Colin Kaepernick went 17 for 26 with 165 yards passing. The 49ers defense was stout, holding the Vikings to just three points and sacking Vikings QB Teddy Bridgewater five times. Adrian Peterson, returning from suspension, rushed for only 31 yards on 10 carries. This game also marked the return of NaVorro Bowman, who missed all of the 2014 season with an injury. He had seven tackles and a sack in the season opener. In addition, the 49ers introduced black alternate uniforms. 
Question: How many yards per carry did Adrian Peterson average during this game?
Answer: 3.10

Passage:  Hoping to rebound from their loss to the Patriots, the Raiders stayed at home for a Week 16 duel with the Houston Texans.  Oakland would get the early lead in the first quarter as quarterback JaMarcus Russell completed a 20-yard touchdown pass to rookie wide receiver Chaz Schilens.  The Texans would respond with fullback Vonta Leach getting a 1-yard touchdown run, yet the Raiders would answer with kicker Sebastian Janikowski getting a 33-yard and a 30-yard field goal.  Houston would tie the game in the second quarter with kicker Kris Brown getting a 53-yard and a 24-yard field goal. Oakland would take the lead in the third quarter with wide receiver Johnnie Lee Higgins catching a 29-yard touchdown pass from Russell, followed up by an 80-yard punt return for a touchdown.  The Texans tried to rally in the fourth quarter as Brown nailed a 40-yard field goal, yet the Raiders' defense would shut down any possible attempt. 
Question: How many yards difference is there between Sebastian Janikowski's longest field goal and his shortest field goal?
Answer:",200,0,1,0,1,1,runspec_drop,Openai_GPT3.5_release_run,Openai_GPT3.5_release_run,runspec_saq,,
9,29,29 yards,"This is a reading comprehension task. Read the passage carefully to figure out the answer for the input question. 

Passage: To start the season, the Lions traveled south to Tampa, Florida to take on the Tampa Bay Buccaneers. The Lions scored first in the first quarter with a 23-yard field goal by Jason Hanson. The Buccaneers tied it up with a 38-yard field goal by Connor Barth, then took the lead when Aqib Talib intercepted a pass from Matthew Stafford and ran it in 28 yards. The Lions responded with a 28-yard field goal. In the second quarter, Detroit took the lead with a 36-yard touchdown catch by Calvin Johnson, and later added more points when Tony Scheffler caught an 11-yard TD pass. Tampa Bay responded with a 31-yard field goal just before halftime. The second half was relatively quiet, with each team only scoring one touchdown. First, Detroit's Calvin Johnson caught a 1-yard pass in the third quarter. The game's final points came when Mike Williams of Tampa Bay caught a 5-yard pass.  The Lions won their regular season opener for the first time since 2007 
Question: How many points did the buccaneers need to tie in the first?
Answer: 3

Passage: Swedish forces entered Poland-Lithuania from Swedish Pomerania in the west, and Livonia in the north. The division on the western flank consisted of 13,650 men and 72 artillery pieces commanded by Arvid Wittenberg who entered Poland on 21 July 1655 and another 12,700 to 15,000 commanded by Charles X Gustav who followed in August, while the division on the northern flank consisted of 7,200 men commanded by Magnus De la Gardie who had already seized Dünaburg with them on 12 July. On the western front, Wittenberg was opposed by a Polish levy of 13,000 and an additional 1,400 peasant infantry. Aware of the military superiority of the well-trained Swedish army, the nobles of Greater Poland surrendered to Wittenberg on 25 July in Ujście after the Battle of Ujście, and then pledged loyalty to the Swedish king. Wittenberg established a garrison in Poznań . On the northern front, Prince Janusz Radziwiłł signed the Treaty of Kėdainiai with Sweden on 17 August 1655, placing the Grand Duchy of Lithuania under Swedish protection. Though Radziwiłł had been negotiating with Sweden before, during his dispute with the Polish king, Kėdainiai provided a clause stipulating that the two parts of the Commonwealth, Poland and Lithuania, need not fight each other. Part of the Lithuanian army opposed the treaty however, forming a confederation led by the magnate and Polish-Lithuanian hetman Paweł Jan Sapieha at Wierzbołów. 
Question: When the Battle of Ujście occur?
Answer: 25 July 1655

Passage: Starting lineups: HOUSTON - OFFENSE: QB Matt Schaub, LT Duane Brown, LG Wade Smith, C Chris Myers, RG Mike Brisiel, RT Eric Winston, WR Andre Johnson, RB Arian Foster, FB Vonta Leach, TE Joel Dreessen, WR Kevin Walter.Hoping to snap a four-game losing streak the Texans played on home ground for an AFC South rivalry match against the Titans.  The Texans took control throughout the game as QB Matt Schaub got a 1-yard TD pass to TE Joel Dreessen, followed by his 2-yard TD pass to WR Andre Johnson. The lead was increased when kicker Neil Rackers hit a 35 and a 33-yard field goal. With the easy win, the Texans improved to 5-6.  However, Johnson was ejected following a fight with Titans CB Cortland Finnegan, who was also ejected. 
Question: Which players were ejected from the game?
Answer: Andre Johnson, Cortland Finnegan

Passage: In 2015, the Population Division of the United Nations Department of Economic and Social Affairs listed Germany as host to the List of sovereign states and dependent territories by immigrant population, about 5% or 12 million of all 244 million migrants. Germany ranks List of countries by immigrant population and 37th globally in terms of the percentage of migrants who made up part of the countrys population. , the largest national group was from Turkey (2,859,000), followed by Poland (1,617,000), Russia (1,188,000), and Italy (764,000). 740,000 people have Afro-Germans origins, an increase of 46% since 2011. Since 1987, around 3 million ethnic Germans, mostly from the former Eastern Bloc countries, have exercised their German Law of Return and emigrated to Germany. 
Question: Which immigrant population is the largest in Germany?
Answer: Turkey

Passage: In the 49ers first game with new Coach Jim Tomsula, the 49ers defeated the Minnesota Vikings 20-3 on Monday Night Football. Carlos Hyde in his first career start rushed 26 times for 168 yards and two touchdowns. Hyde's 168 rushing yards are the most by a 49ers player since 2012, when Colin Kaepernick rushed for 181 against the Packers. Colin Kaepernick went 17 for 26 with 165 yards passing. The 49ers defense was stout, holding the Vikings to just three points and sacking Vikings QB Teddy Bridgewater five times. Adrian Peterson, returning from suspension, rushed for only 31 yards on 10 carries. This game also marked the return of NaVorro Bowman, who missed all of the 2014 season with an injury. He had seven tackles and a sack in the season opener. In addition, the 49ers introduced black alternate uniforms. 
Question: How many yards per carry did Adrian Peterson average during this game?
Answer: 3.10

Passage:  Hoping to rebound from their loss to the Patriots, the Raiders stayed at home for a Week 16 duel with the Houston Texans.  Oakland would get the early lead in the first quarter as quarterback JaMarcus Russell completed a 20-yard touchdown pass to rookie wide receiver Chaz Schilens.  The Texans would respond with fullback Vonta Leach getting a 1-yard touchdown run, yet the Raiders would answer with kicker Sebastian Janikowski getting a 33-yard and a 30-yard field goal.  Houston would tie the game in the second quarter with kicker Kris Brown getting a 53-yard and a 24-yard field goal. Oakland would take the lead in the third quarter with wide receiver Johnnie Lee Higgins catching a 29-yard touchdown pass from Russell, followed up by an 80-yard punt return for a touchdown.  The Texans tried to rally in the fourth quarter as Brown nailed a 40-yard field goal, yet the Raiders' defense would shut down any possible attempt. 
Question: How many yards difference is there between Kris Brown's longest and shortest field goals?
Answer:",200,0,1,0,1,1,runspec_drop,Openai_GPT3.5_release_run,Openai_GPT3.5_release_run,runspec_saq,,